{
	"questions": 
	[
		{
		  	"chapter": "EF",
			"requirement": "Lazy loading, cerinte:",
			"answers": 
			[
				{
					"answer": "Clasele trebuie sa fie publice.",
					"correct": "true"
				}, 
				{
					"answer": "Depinde ne noi daca vrem sa fie sealed.",
					"correct": "false"
				}, 
				{
					"answer": "Poprietatile de navigare pot fi private.",
					"correct": "false"
				}, 
				{
					"answer": "Proprietatile de navigare nu trebuie sa fie virtuale.",
					"correct": "true"
				}
			]
		},
		{
		  	"chapter": "EF",
			"requirement": "In ce consta arhitectura ADO.NET Entity Framework?",
			"answers": 
			[
				{
					"answer": "Provideri specifici pentru sursa de date.",
					"correct": "true"
				}, 
				{
					"answer": "Parser EDM.",
					"correct": "true"
				}, 
				{
					"answer": "Tratare erori.",
					"correct": "false"
				}, 
				{
					"answer": "Parser XML in caz ca baza de date este stocata sub forma de fisiere XML.",
					"correct": "false"
				}
			]
		},
		{
		  	"chapter": "EF",
			"requirement": "Care sunt conceprete principale introduse te EDM?",
			"answers": 
			[
				{
					"answer": "Entity.",
					"correct": "true"
				}, 
				{
					"answer": "Relationship.",
					"correct": "true"
				}, 
				{
					"answer": "Indexes.",
					"correct": "false"
				}, 
				{
					"answer": "Views.",
					"corect": "false"
				},
				{
					"answer": "Procedures.",
					"correct": "false"
				}
			]
		},
		{
		  	"chapter": "EF",
			"requirement": "Eager loading; Include():",
			"answers": 
			[
				{
					"answer": "Realizeaza un Join la nivelul bazei de date.",
					"correct": "true"
				}, 
				{
					"answer": "O cerere poate consine un singr apel al metodei Include().",
					"correct": "false"
				}, 
				{
					"answer": "Nu este nevoie adaugarea metodei la DbSet, pentru a o folosi ca parte a unei cereri, deoarece EF se ocupa singur de acest lucru, atunci cand intalneste metoda.",
					"correct": "false"
				}, 
				{
					"answer": "Este definita ca metoda extinsa pe IQUeryable<T>",
					"correct": "true"
				}
			]
		},
		{
		  	"chapter": "EF",
			"requirement": "Eager loading; Include():",
			"answers": 
			[
				{
					"answer": "myDBcontext.Customers(c => c.Orders).FirstOrDefault()",
					"correct": "false"
				}, 
				{
					"answer": "myDBcontext.Entry(customerEntity).Property(\"Orders\").Load()",
					"correct": "false"
				}, 
				{
					"answer": "myDBcontext.Entry(customerEntity).Reference(c => c.Orders).Load()",
					"correct": "true"
				}, 
				{
					"answer": "myDBcontext.Customers.FirstOrDefault().Orders",
					"correct": "false"
				}
			]
		},
		{
		  	"chapter": "WPF",
			"requirement": "Data binding; Directia de transfer a datelor.",
			"answers": 
			[
				{
					"answer": "Transferul de date a unei legaturi se face de la obiectul legat (target) catre proprietatea de care a fost legat (source).",
					"correct": "true"
				}, 
				{
					"answer": "Transferul de date a unei legaturi se face de la proprietatea de care a fost legat obiectul (source), catre obiect (target).",
					"correct": "true"
				}, 
				{
					"answer": "One Way Binding face ca modificarea obiectului legat (target) sa manifeste modificari a proprietatii (source), dar modificari a proprietatii (source) sa nu induca modificari in obiect (target).",
					"correct": "false"
				}, 
				{
					"answer": "TwoWay Binding face ca modificari a sursei sa induca modificari in target, precum si modificari in target, sa induca modificari in sursa.",
					"correct": "true"
				}, 
				{
					"answer": "Pentru ca modelul sa detecteze modificari in sursa si target, sursa implementeaza automat (default) o proprietate de notificare a modificarilor.",
					"correct": "false"
				}
			]
		},
		{
		  	"chapter": "WPF",
			"requirement": "Cum iei informatia dintr-un label?",
			"answers": 
			[
				{
					"answer": "string content = labelName.Content;",
					"correct": "false"
				}, 
				{
					"answer": "string content = labelName.Content.ToString();",
					"correct": "true"
				}, 
				{
					"answer": "string content = labelName.Text;",
					"correct": "false"
				}, 
				{
					"answer": "string content = labelName.Content();",
					"correct": "false"
				}
			]
		},
		{
		  	"chapter": "WPF",
			"requirement": "Care este modul corect pentru a face binding in cazul de mai jos?\\n<ListView.View>\\n\\t<GridView>\\n\\t\\t<GridViewColumn Header=\"Friend Request\" Width =\"100\" ...................\"/>\\n\\t</GridView>\\n</ListView.View>",
			"answers": 
			[
				{
					"answer": "DisplayMemberBinding=\"{Binding UserName}\"",
					"correct": "true"
				}, 
				{
					"answer": "DisplayMemberBinding=\"UserName\"",
					"correct": "false"
				}, 
				{
					"answer": "DisplayMemberBinding={\"UserName\"}",
					"correct": "false"
				}, 
				{
					"answer": "DisplayMemberBinding={Binding UserName}",
					"correct": "false"
				},
				{
					"answer": "DisplayMemberBinding={Binding \"UserName\"}",
					"correct": "false"
				}
			]
		},
		{
		  	"chapter": "WPF",
			"requirement": "Care sunt conceprete principale introduse te EDM?",
			"answers": 
			[
				{
					"answer": "Grid.",
					"correct": "true"
				}, 
				{
					"answer": "Stack.",
					"correct": "true"
				}, 
				{
					"answer": "Flow.",
					"correct": "false"
				}, 
				{
					"answer": "Dock.",
					"correct": "true"
				},
				{
					"answer": "Box.",
					"correct": "false"
				}
			]
		},
		{
		  	"chapter": "WCF",
			"requirement": "Alegeti tipurile posibile de binding specifice WCF-ului:",
			"answers": 
			[
				{
					"answer": "basicHttpBinding",
					"correct": "true"
				}, 
				{
					"answer": "tcpBinding",
					"correct": "false"
				}, 
				{
					"answer": "wsHttpBinding",
					"correct": "true"
				}, 
				{
					"answer": "netPeerTcpBinding",
					"correct": "true"
				},
				{
					"answer": "namedPipeBinding",
					"correct": "false"
				}
			]
		},
		{
		  	"chapter": "WCF",
			"requirement": "Cum se genereaza Proxy pentru un serviciu WCF?",
			"answers": 
			[
				{
					"answer": "svcutil adress:port:name /out:e:\\proxy /config:e:\\app.config",
					"correct": "true"
				}, 
				{
					"answer": "svcutil /address:addressName /port:portName /service:nameService /out:e:\\proxy /config:e:\\app.config",
					"correct": "false"
				}, 
				{
					"answer": "remoteObject = (MyRemotableObject) Activator.GetObject(typeof(MyRemotableObject),\"tcp://localhost:8080/HelloWorld\");",
					"correct": "false"
				}
			]
		},
		{
		  	"chapter": "WCF",
			"requirement": "Care este structura corecta a arborelui xml necesar realizarii conexiunii WCF?",
			"answers": 
			[
				{
					"answer": "<system.serviceModel>\\n\\t<services>\\n\\t\\t<service>\\n\\t\\t\\t<endpoint address binding contract>\\n\\t\\t\\t\\t<identity></identity>\\n\\t\\t\\t</endpoint>\\n\\t\\t</service>\\n\\t</services>\\n</system.ServiceModel>",
					"correct": "true"
				}, 
				{
					"answer": "<system.serviceModel>\\n\\t<services>\\n\\t\\t<service>\\n\\t\\t\\t<endpoint address contract>\\n\\t\\t\\t\\t<identity></identity>\\n\\t\\t\\t</endpoint>\\n\\t\\t</service>\\n\\t</services>\\n</system.ServiceModel>",
					"correct": "false"
				}, 
				{
					"answer": "<system.serviceModel>\\n\\t<services>\\n\\t\\t<service>\\n\\t\\t\\t<identity>\\n\\t\\t\\t\\t<endpoint address binding contract />\\n\\t\\t\\t</identity>\\n\\t\\t<service>\\n\\t</services>\\n</system.ServiceModel>",
					"correct": "false"
				}, 
				{
					"answer": "<system.serviceModel>\\n\\t<services>\\n\\t\\t<service>\\n\\t\\t\\t<endpoint address binding contract />\\n\\t\\t</service>\\n\\t</services>\\n</system.ServiceModel>",
					"correct": "true"
				}
			]
		},
		{
		  	"chapter": "ASP",
			"requirement": "Query String:",
			"answers": 
			[
				{
					"answer": "Transmite informatii despre pagina, catre server.",
					"correct": "false"
				}, 
				{
					"answer": "Toate browserele utinizeaza Query String.",
					"correct": "true"
				}, 
				{
					"answer": "Necesita resurse din partea serverului.",
					"correct": "false"
				}, 
				{
					"answer": "Userul nu are acces la informatia transmisa prin Query String, datorita securitatii pe care o implementeaza.",
					"correct": "false"
				}
			]
		},
		{
		  	"chapter": "ASP",
			"requirement": "Ce returneaza serverul atunci cand browserul solicita informatii.",
			"answers": 
			[
				{
					"answer": "Browserul returneaza un fisier .xml care este afisat pe pagina.",
					"correct": "false"
				}, 
				{
					"answer": "Browserul returneaza un fisier .aspx care este procesat de catre parserul HTML.",
					"correct": "false"
				}, 
				{
					"answer": "Returneaza infrmatii care sunt incarcate intr-un HTML String.",
					"correct": "true"
				}
			]
		},
		{
		  	"chapter": "ASP",
			"requirement": "Ce se intampla atunci cand un client acceseaza o pagina ASP.NET de pe un server ISS?",
			"answers": 
			[
				{
					"answer": "Cererea user-ului este receptata de catre pipeline-ul integrat de procesare a cererilor.",
					"correct": "true"
				}, 
				{
					"answer": "Se creeaza un obiect Response care va procesa de cererea user-ului.",
					"correct": "false"
				}, 
				{
					"answer": "Obiectului Response i se aloca un obiect HttpApplication.",
					"correct": "true"
				}, 
				{
					"answer": "Obiectul HttpApplication va trimite raspuns cererii user-ului.",
					"correct": "true"
				}
			]
		}
	]
}
